Name,Email,Password
Alexander Wright,alexander.w@school.edu,
Sophia Martinez,sophia.m@school.edu,
Liam Johnson,liam.j@school.edu,
Emma Williams,emma.w@school.edu,
Noah Brown,noah.b@school.edu,
Olivia Jones,olivia.j@school.edu,
Ethan Garcia,ethan.g@school.edu,
Ava Miller,ava.m@school.edu,
Mason Davis,mason.d@school.edu,
Isabella Rodriguez,isabella.r@school.edu,
Lucas Martinez,lucas.m@school.edu,
Mia Hernandez,mia.h@school.edu,
Benjamin Lopez,benjamin.l@school.edu,
Charlotte Gonzalez,charlotte.g@school.edu,
James Wilson,james.w@school.edu,
Amelia Anderson,amelia.a@school.edu,
Logan Thomas,logan.t@school.edu,
Harper Taylor,harper.t@school.edu,
Jacob Moore,jacob.m@school.edu,
Evelyn Jackson,evelyn.j@school.edu,
